,time,open,high,low,close,tick_volume,spread,real_volume
0,1675236060,1.08683,1.08687,1.08678,1.08678,12,7,0
1,1675236120,1.08678,1.08683,1.08677,1.08682,10,9,0
2,1675236180,1.08682,1.08683,1.0868,1.08681,11,10,0
3,1675236240,1.08681,1.08682,1.08681,1.08682,2,10,0
4,1675236300,1.08682,1.08683,1.08679,1.08682,8,10,0
5,1675236360,1.08682,1.08682,1.08676,1.08677,11,8,0
6,1675236420,1.08677,1.08684,1.08677,1.08677,27,8,0
7,1675236480,1.08677,1.08678,1.08662,1.08664,24,6,0
8,1675236540,1.08663,1.08666,1.08659,1.08664,24,8,0
9,1675236600,1.08664,1.08671,1.0866,1.0866500000000001,21,9,0
10,1675236660,1.0866500000000001,1.08671,1.08664,1.08671,13,9,0
11,1675236720,1.08671,1.08676,1.0867,1.08674,12,7,0
12,1675236780,1.08674,1.08683,1.08673,1.08681,13,9,0
13,1675236840,1.08681,1.08688,1.08681,1.08688,13,10,0
14,1675236900,1.08688,1.08688,1.08683,1.08686,11,8,0
15,1675236960,1.08686,1.08687,1.08677,1.08683,21,8,0
16,1675237020,1.08683,1.08685,1.08682,1.08684,10,9,0
17,1675237080,1.08684,1.08684,1.08677,1.08677,16,9,0
18,1675237140,1.08677,1.08678,1.08673,1.08678,13,9,0
19,1675237200,1.08678,1.0868,1.08671,1.08672,14,8,0
20,1675237260,1.0868,1.08692,1.0868,1.08688,20,8,0
21,1675237320,1.08688,1.087,1.08687,1.087,14,8,0
22,1675237380,1.087,1.08701,1.08695,1.08699,14,8,0
23,1675237440,1.08698,1.08699,1.08693,1.08694,13,6,0
24,1675237500,1.08695,1.08699,1.08692,1.08694,19,8,0
25,1675237560,1.08694,1.08694,1.08688,1.08694,20,8,0
26,1675237620,1.08694,1.08705,1.08694,1.08705,10,5,0
27,1675237680,1.08705,1.08725,1.08705,1.08719,23,6,0
28,1675237740,1.08719,1.08735,1.08719,1.08734,15,6,0
29,1675237800,1.08735,1.08743,1.0872600000000001,1.08727,34,5,0
30,1675237860,1.08727,1.0873,1.08724,1.08724,17,9,0
31,1675237920,1.08724,1.08729,1.08723,1.08724,15,6,0
32,1675237980,1.08724,1.0873,1.08723,1.08725,19,9,0
33,1675238040,1.08725,1.08725,1.08713,1.08723,25,5,0
34,1675238100,1.08723,1.08727,1.08722,1.08725,15,9,0
35,1675238160,1.08723,1.08723,1.08718,1.08718,10,8,0
36,1675238220,1.08718,1.0872,1.08715,1.08717,22,9,0
37,1675238280,1.08717,1.08717,1.08707,1.08707,42,8,0
38,1675238340,1.08706,1.0872,1.08706,1.08711,33,6,0
39,1675238400,1.0871,1.08714,1.08702,1.08714,33,8,0
40,1675238460,1.08714,1.08728,1.08713,1.08727,40,7,0
41,1675238520,1.08729,1.08734,1.08723,1.08724,36,7,0
42,1675238580,1.08724,1.08728,1.08722,1.08728,22,8,0
43,1675238640,1.08729,1.08735,1.08728,1.08731,19,6,0
44,1675238700,1.08731,1.08743,1.08731,1.08743,13,2,0
45,1675238760,1.08743,1.08743,1.08739,1.08742,18,9,0
46,1675238820,1.08742,1.08749,1.0873599999999999,1.08738,27,9,0
47,1675238880,1.08739,1.08739,1.08717,1.08723,34,7,0
48,1675238940,1.08723,1.08723,1.08719,1.08723,15,9,0
49,1675239000,1.08723,1.08723,1.08719,1.08723,8,7,0
50,1675239060,1.08723,1.08724,1.08716,1.08719,13,7,0
51,1675239120,1.08719,1.08729,1.08711,1.08729,30,8,0
52,1675239180,1.08731,1.08731,1.08718,1.08718,16,4,0
53,1675239240,1.08718,1.0872,1.08716,1.0872,7,9,0
54,1675239300,1.0872,1.0872,1.08707,1.08713,33,5,0
55,1675239360,1.08712,1.08718,1.08712,1.08718,19,8,0
56,1675239420,1.08719,1.08722,1.08713,1.08713,22,7,0
57,1675239480,1.08713,1.08713,1.08707,1.08713,16,8,0
58,1675239540,1.08713,1.08723,1.08712,1.08723,14,7,0
59,1675239600,1.08723,1.0872600000000001,1.08717,1.08723,31,7,0
60,1675239660,1.08723,1.08729,1.08723,1.08727,15,9,0
61,1675239720,1.08728,1.08728,1.08724,1.08727,17,9,0
62,1675239780,1.08727,1.08733,1.08724,1.08732,22,8,0
63,1675239840,1.08732,1.08733,1.08728,1.08729,27,10,0
64,1675239900,1.08729,1.0873,1.0872600000000001,1.0872600000000001,23,9,0
65,1675239960,1.0872600000000001,1.08727,1.08722,1.08727,19,9,0
66,1675240020,1.08727,1.08732,1.08727,1.08729,14,8,0
67,1675240080,1.08728,1.08733,1.08728,1.08732,6,7,0
68,1675240140,1.08732,1.08732,1.0872,1.08724,34,9,0
69,1675240200,1.08724,1.08744,1.08723,1.08743,21,6,0
70,1675240260,1.08746,1.08749,1.08744,1.08747,17,9,0
71,1675240320,1.08747,1.08762,1.08747,1.08754,48,4,0
72,1675240380,1.08754,1.08759,1.08751,1.08755,37,8,0
73,1675240440,1.08755,1.08758,1.08752,1.08754,25,9,0
74,1675240500,1.08754,1.08761,1.08753,1.08755,23,10,0
75,1675240560,1.08756,1.08759,1.08752,1.08757,21,7,0
76,1675240620,1.08757,1.08757,1.08745,1.08745,33,9,0
77,1675240680,1.08745,1.08757,1.08745,1.08753,24,9,0
78,1675240740,1.08753,1.08759,1.08752,1.08758,30,8,0
79,1675240800,1.08761,1.08763,1.08748,1.08748,20,7,0
80,1675240860,1.08747,1.08747,1.08731,1.08732,22,7,0
81,1675240920,1.08731,1.08737,1.08714,1.08716,32,3,0
82,1675240980,1.08716,1.08729,1.08716,1.08716,31,7,0
83,1675241040,1.08716,1.08717,1.08708,1.08708,16,9,0
84,1675241100,1.08708,1.08734,1.08706,1.08723,40,8,0
85,1675241160,1.08723,1.08723,1.08707,1.08707,22,8,0
86,1675241220,1.08707,1.08707,1.08697,1.08698,19,7,0
87,1675241280,1.08698,1.08718,1.08697,1.08718,24,8,0
88,1675241340,1.08719,1.08719,1.0869,1.08692,38,4,0
89,1675241400,1.08692,1.08701,1.08686,1.08686,27,8,0
90,1675241460,1.08686,1.08687,1.08667,1.08667,30,10,0
91,1675241520,1.08667,1.08687,1.08664,1.0867,41,6,0
92,1675241580,1.0867,1.08672,1.08657,1.08669,64,7,0
93,1675241640,1.08668,1.08678,1.08652,1.08677,48,8,0
94,1675241700,1.08677,1.08702,1.08673,1.08694,42,7,0
95,1675241760,1.08694,1.08699,1.08685,1.08699,31,8,0
96,1675241820,1.08699,1.08703,1.08686,1.08686,31,8,0
97,1675241880,1.08686,1.08686,1.08667,1.08676,42,8,0
98,1675241940,1.08676,1.08689,1.08671,1.08689,39,8,0
99,1675242000,1.08691,1.08701,1.0867499999999999,1.08676,75,8,0
100,1675242060,1.08676,1.08698,1.08676,1.08693,62,5,0
101,1675242120,1.08693,1.08713,1.08692,1.08702,47,7,0
102,1675242180,1.08702,1.08717,1.08702,1.08711,68,7,0
103,1675242240,1.08711,1.08729,1.08709,1.08722,56,7,0
104,1675242300,1.08723,1.08739,1.08719,1.08739,66,8,0
105,1675242360,1.08739,1.08749,1.08737,1.08743,67,7,0
106,1675242420,1.08743,1.08744,1.08729,1.08732,70,8,0
107,1675242480,1.08732,1.08735,1.08725,1.0872600000000001,51,7,0
108,1675242540,1.0872600000000001,1.08729,1.0872,1.08723,62,8,0
109,1675242600,1.08724,1.08724,1.08714,1.08723,32,8,0
110,1675242660,1.08723,1.08723,1.08707,1.08718,60,7,0
111,1675242720,1.08718,1.08721,1.08708,1.08711,54,5,0
112,1675242780,1.08711,1.08719,1.08706,1.08717,77,6,0
113,1675242840,1.08717,1.08723,1.08713,1.08718,58,8,0
114,1675242900,1.08718,1.08728,1.08718,1.08728,42,9,0
115,1675242960,1.08728,1.08758,1.08728,1.08748,67,7,0
116,1675243020,1.08748,1.0879,1.08742,1.08783,65,1,0
117,1675243080,1.08785,1.08785,1.08762,1.08763,64,7,0
118,1675243140,1.08762,1.08778,1.08762,1.08773,61,6,0
119,1675243200,1.08773,1.08788,1.08768,1.08778,56,5,0
120,1675243260,1.08778,1.08797,1.08772,1.08772,50,6,0
121,1675243320,1.08771,1.08774,1.08765,1.08766,46,6,0
122,1675243380,1.08766,1.08769,1.0876,1.08767,43,7,0
123,1675243440,1.08766,1.0878,1.08762,1.08768,71,6,0
124,1675243500,1.08768,1.08777,1.08761,1.08761,64,7,0
125,1675243560,1.08761,1.08776,1.08754,1.08773,34,4,0
126,1675243620,1.08773,1.08774,1.08752,1.08767,55,6,0
127,1675243680,1.08767,1.08772,1.08757,1.08763,71,7,0
128,1675243740,1.08763,1.08774,1.08756,1.0877,51,8,0
129,1675243800,1.08771,1.08778,1.08755,1.08755,44,6,0
130,1675243860,1.08755,1.08758,1.08749,1.08752,58,8,0
131,1675243920,1.08758,1.08763,1.08745,1.08757,45,7,0
132,1675243980,1.08757,1.08757,1.08734,1.08752,42,7,0
133,1675244040,1.08752,1.08753,1.08729,1.08733,50,5,0
134,1675244100,1.08733,1.08739,1.08714,1.08724,57,5,0
135,1675244160,1.08724,1.0873599999999999,1.08722,1.08728,42,4,0
136,1675244220,1.08728,1.08728,1.0867,1.08687,57,5,0
137,1675244280,1.08687,1.08701,1.08687,1.08696,48,7,0
138,1675244340,1.08696,1.08721,1.08696,1.08716,51,8,0
139,1675244400,1.08715,1.08716,1.08703,1.08708,35,7,0
140,1675244460,1.08708,1.08721,1.08703,1.08717,35,8,0
141,1675244520,1.08717,1.0872,1.08707,1.08708,39,8,0
142,1675244580,1.08708,1.0871,1.08689,1.08689,36,6,0
143,1675244640,1.08689,1.08693,1.08678,1.08688,60,5,0
144,1675244700,1.08689,1.08707,1.08689,1.08703,60,6,0
145,1675244760,1.08703,1.08708,1.08696,1.08697,27,6,0
146,1675244820,1.08697,1.08697,1.08677,1.08681,36,8,0
147,1675244880,1.08681,1.08689,1.08678,1.08682,33,5,0
148,1675244940,1.08682,1.08686,1.08682,1.08683,38,8,0
149,1675245000,1.08682,1.08683,1.08662,1.08666,44,5,0
150,1675245060,1.08666,1.08672,1.08663,1.08669,54,5,0
151,1675245120,1.08669,1.08697,1.08669,1.08697,78,6,0
152,1675245180,1.08696,1.087,1.08691,1.08692,54,9,0
153,1675245240,1.08692,1.08729,1.08692,1.08722,106,8,0
154,1675245300,1.08722,1.08779,1.08722,1.08772,114,5,0
155,1675245360,1.08772,1.08783,1.0876,1.08781,77,4,0
156,1675245420,1.08781,1.08832,1.08767,1.08804,132,0,0
157,1675245480,1.08799,1.08824,1.08791,1.08811,143,4,0
158,1675245540,1.08811,1.08815,1.08794,1.08795,135,1,0
159,1675245600,1.08795,1.08825,1.08766,1.08792,212,2,0
160,1675245660,1.08792,1.08832,1.08778,1.08786,172,5,0
161,1675245720,1.08786,1.08797,1.08777,1.08783,122,5,0
162,1675245780,1.08783,1.08788,1.08768,1.08784,80,6,0
163,1675245840,1.08784,1.08789,1.08773,1.08785,60,4,0
164,1675245900,1.08785,1.08794,1.08779,1.08788,66,6,0
165,1675245960,1.08788,1.08792,1.08775,1.08781,57,6,0
166,1675246020,1.08781,1.08781,1.08764,1.08765,62,6,0
167,1675246080,1.08765,1.08765,1.08732,1.08732,88,5,0
168,1675246140,1.08732,1.08753,1.08728,1.08751,69,5,0
169,1675246200,1.08751,1.08769,1.08742,1.08748,68,4,0
170,1675246260,1.08748,1.08755,1.08741,1.08749,62,8,0
171,1675246320,1.08746,1.08758,1.08734,1.08758,49,6,0
172,1675246380,1.08758,1.08759,1.08747,1.08749,53,7,0
173,1675246440,1.08749,1.08763,1.08733,1.08733,53,6,0
174,1675246500,1.08733,1.08753,1.08732,1.08753,77,5,0
175,1675246560,1.08753,1.08761,1.08748,1.08752,78,6,0
176,1675246620,1.08752,1.08753,1.08738,1.08738,42,7,0
177,1675246680,1.08738,1.08759,1.08738,1.08758,81,6,0
178,1675246740,1.08758,1.08782,1.08758,1.08768,68,6,0
179,1675246800,1.08767,1.08772,1.08727,1.08732,83,7,0
180,1675246860,1.08732,1.08748,1.08698,1.08698,90,5,0
181,1675246920,1.08699,1.08713,1.08691,1.08703,87,1,0
182,1675246980,1.08703,1.08742,1.08698,1.08742,67,3,0
183,1675247040,1.08745,1.08775,1.08742,1.08772,66,5,0
184,1675247100,1.08772,1.08785,1.08756,1.08758,87,1,0
185,1675247160,1.08758,1.08789,1.08754,1.08781,64,6,0
186,1675247220,1.08781,1.08781,1.08745,1.08745,52,6,0
187,1675247280,1.08745,1.08774,1.08745,1.08774,47,6,0
188,1675247340,1.08774,1.08784,1.0877,1.08784,31,9,0
189,1675247400,1.08784,1.08794,1.08781,1.08784,43,7,0
190,1675247460,1.08784,1.08804,1.08784,1.08801,65,7,0
191,1675247520,1.08801,1.08823,1.08797,1.0882,73,6,0
192,1675247580,1.0882,1.08833,1.08802,1.08808,89,7,0
193,1675247640,1.08808,1.08809,1.08803,1.08807,55,5,0
194,1675247700,1.08808,1.08824,1.08803,1.08814,58,3,0
195,1675247760,1.08814,1.08814,1.08801,1.08804,49,6,0
196,1675247820,1.08804,1.08815,1.08799,1.08815,59,4,0
197,1675247880,1.08815,1.08849,1.08814,1.08835,90,0,0
198,1675247940,1.08834,1.08834,1.08821,1.08826,62,7,0
199,1675248000,1.08826,1.08861,1.08825,1.08858,49,3,0
200,1675248060,1.08858,1.08877,1.08828,1.08828,101,6,0
201,1675248120,1.08828,1.08844,1.08823,1.08824,110,6,0
202,1675248180,1.08824,1.08861,1.08823,1.08855,64,2,0
203,1675248240,1.08855,1.08855,1.08829,1.0883,64,6,0
204,1675248300,1.0883,1.08845,1.08821,1.08843,87,0,0
205,1675248360,1.08843,1.0885,1.0883,1.08845,80,2,0
206,1675248420,1.08847,1.08858,1.0883099999999999,1.08834,76,6,0
207,1675248480,1.08834,1.08838,1.08826,1.08834,70,6,0
208,1675248540,1.08834,1.08853,1.08825,1.08845,92,5,0
209,1675248600,1.08845,1.08849,1.08825,1.0883,80,8,0
210,1675248660,1.0883,1.08849,1.08825,1.08846,54,7,0
211,1675248720,1.08846,1.08856,1.08842,1.0884800000000001,54,7,0
212,1675248780,1.08845,1.08868,1.08845,1.08863,53,7,0
213,1675248840,1.08868,1.0887,1.08847,1.0886,53,7,0
214,1675248900,1.0886,1.08864,1.0885,1.08852,65,5,0
215,1675248960,1.08852,1.08878,1.0885,1.08873,81,7,0
216,1675249020,1.08873,1.08878,1.08867,1.08878,44,8,0
217,1675249080,1.08878,1.08878,1.08867,1.08875,63,8,0
218,1675249140,1.08875,1.08879,1.08868,1.08869,49,9,0
219,1675249200,1.08869,1.08879,1.08858,1.08858,72,6,0
220,1675249260,1.08854,1.08858,1.08844,1.08846,75,6,0
221,1675249320,1.08845,1.08862,1.08833,1.08862,97,5,0
222,1675249380,1.08862,1.08862,1.08837,1.08843,84,0,0
223,1675249440,1.08843,1.08844,1.08798,1.08799,92,4,0
224,1675249500,1.08799,1.0882,1.08794,1.08812,57,5,0
225,1675249560,1.08812,1.08816,1.08792,1.08794,74,5,0
226,1675249620,1.08794,1.0881,1.08792,1.08804,74,5,0
227,1675249680,1.08804,1.08817,1.08796,1.08814,58,6,0
228,1675249740,1.08814,1.08829,1.08812,1.08816,68,6,0
229,1675249800,1.08816,1.08824,1.08809,1.08821,66,7,0
230,1675249860,1.08821,1.08839,1.0882,1.08836,48,7,0
231,1675249920,1.08835,1.08839,1.08816,1.08821,57,6,0
232,1675249980,1.0882,1.08834,1.08817,1.08833,53,6,0
233,1675250040,1.08833,1.08843,1.08827,1.08836,69,6,0
234,1675250100,1.08836,1.0884,1.0883,1.0883099999999999,52,6,0
235,1675250160,1.0883099999999999,1.08832,1.08817,1.08821,63,8,0
236,1675250220,1.08821,1.08833,1.08815,1.0882,91,5,0
237,1675250280,1.08821,1.08826,1.08816,1.08821,56,6,0
238,1675250340,1.0882,1.08823,1.08802,1.08816,68,6,0
239,1675250400,1.08816,1.08823,1.08811,1.08813,71,6,0
240,1675250460,1.08815,1.08821,1.08804,1.08814,55,7,0
241,1675250520,1.08814,1.08816,1.0881,1.08813,44,7,0
242,1675250580,1.08817,1.08822,1.08812,1.08814,40,8,0
243,1675250640,1.08814,1.08821,1.08813,1.08816,32,7,0
244,1675250700,1.08817,1.08823,1.08812,1.08815,41,8,0
245,1675250760,1.08815,1.08835,1.08814,1.08826,50,7,0
246,1675250820,1.08826,1.08826,1.08809,1.0881,52,3,0
247,1675250880,1.08811,1.08826,1.08809,1.08817,50,7,0
248,1675250940,1.08817,1.0883,1.08816,1.08821,39,8,0
249,1675251000,1.08822,1.08826,1.08811,1.08812,46,7,0
250,1675251060,1.08812,1.08814,1.08786,1.08786,52,3,0
251,1675251120,1.08786,1.08793,1.0878,1.08793,60,6,0
252,1675251180,1.08793,1.08798,1.0878,1.08791,58,8,0
253,1675251240,1.08791,1.08796,1.08784,1.0879,57,5,0
254,1675251300,1.08793,1.08805,1.08792,1.08795,42,7,0
255,1675251360,1.08795,1.0882,1.08784,1.0882,57,5,0
256,1675251420,1.08821,1.08842,1.0882,1.08836,42,7,0
257,1675251480,1.08839,1.08857,1.08833,1.08856,55,6,0
258,1675251540,1.08856,1.08858,1.08834,1.0884,53,7,0
259,1675251600,1.0884,1.08857,1.08825,1.08852,64,4,0
260,1675251660,1.08851,1.08856,1.0884,1.08856,44,7,0
261,1675251720,1.08856,1.08861,1.08849,1.08853,32,8,0
262,1675251780,1.08853,1.08853,1.08841,1.08841,46,8,0
263,1675251840,1.08841,1.08843,1.08835,1.08838,37,8,0
264,1675251900,1.08838,1.08853,1.08837,1.0885,31,9,0
265,1675251960,1.0885,1.08851,1.0883,1.0884,44,8,0
266,1675252020,1.0884,1.08852,1.08833,1.0885,51,8,0
267,1675252080,1.0885,1.08866,1.08846,1.08862,33,7,0
268,1675252140,1.08862,1.08875,1.08854,1.08861,42,5,0
269,1675252200,1.08861,1.08873,1.0885,1.08854,57,5,0
270,1675252260,1.08855,1.08865,1.08849,1.0885,60,7,0
271,1675252320,1.0884800000000001,1.08851,1.08841,1.0884800000000001,38,7,0
272,1675252380,1.08847,1.08853,1.08841,1.08849,40,7,0
273,1675252440,1.0885,1.08853,1.08835,1.08836,35,6,0
274,1675252500,1.08836,1.08846,1.08836,1.0884,49,8,0
275,1675252560,1.08841,1.08845,1.08839,1.08841,34,9,0
276,1675252620,1.08841,1.08841,1.08812,1.08812,37,7,0
277,1675252680,1.08811,1.08821,1.08805,1.08807,30,8,0
278,1675252740,1.08803,1.08835,1.08797,1.0883099999999999,106,7,0
279,1675252800,1.0883099999999999,1.08866,1.0879,1.0885,222,0,0
280,1675252860,1.0885,1.0887,1.08845,1.08862,116,5,0
281,1675252920,1.08862,1.08882,1.08839,1.08841,73,2,0
282,1675252980,1.08841,1.08841,1.08822,1.0883,39,7,0
283,1675253040,1.0883,1.08845,1.0883,1.08838,58,7,0
284,1675253100,1.08838,1.08846,1.08832,1.08832,41,9,0
285,1675253160,1.08836,1.08838,1.08822,1.08829,79,5,0
286,1675253220,1.0883099999999999,1.08851,1.08827,1.08844,70,4,0
287,1675253280,1.08844,1.08849,1.08828,1.08849,56,8,0
288,1675253340,1.08849,1.08851,1.08842,1.08849,49,7,0
289,1675253400,1.08849,1.0889,1.08849,1.08889,48,6,0
290,1675253460,1.08889,1.08889,1.08865,1.0888,39,8,0
291,1675253520,1.0888,1.08883,1.0886,1.08866,72,6,0
292,1675253580,1.08867,1.08874,1.08855,1.08872,55,5,0
293,1675253640,1.08872,1.08888,1.08853,1.08854,72,1,0
294,1675253700,1.08854,1.08864,1.08847,1.08854,41,7,0
295,1675253760,1.08854,1.08854,1.08836,1.0884,55,6,0
296,1675253820,1.0884,1.08844,1.08828,1.08843,50,6,0
297,1675253880,1.08843,1.08844,1.08834,1.0884,36,8,0
298,1675253940,1.0884,1.0884,1.08832,1.08833,31,8,0
299,1675254000,1.08833,1.08838,1.08826,1.08827,45,5,0
300,1675254060,1.08827,1.08828,1.08807,1.08809,65,6,0
301,1675254120,1.08809,1.0881,1.08805,1.08805,28,6,0
302,1675254180,1.08812,1.0882,1.08809,1.08818,34,5,0
303,1675254240,1.08818,1.08829,1.08816,1.08827,44,8,0
304,1675254300,1.08827,1.08863,1.08827,1.08861,59,6,0
305,1675254360,1.08861,1.08864,1.08859,1.08864,17,8,0
306,1675254420,1.08864,1.08873,1.08861,1.08865,42,6,0
307,1675254480,1.08865,1.08877,1.0886,1.08869,51,6,0
308,1675254540,1.08865,1.08865,1.08843,1.08851,59,7,0
309,1675254600,1.08851,1.08869,1.0885,1.08864,51,5,0
310,1675254660,1.08864,1.08872,1.08862,1.0887,26,7,0
311,1675254720,1.08873,1.08874,1.08865,1.0887,14,9,0
312,1675254780,1.0887,1.08881,1.0887,1.08879,23,5,0
313,1675254840,1.08878,1.08879,1.0886,1.08861,28,7,0
314,1675254900,1.0886,1.08863,1.08855,1.08861,25,5,0
315,1675254960,1.08861,1.08881,1.08861,1.0887,51,8,0
316,1675255020,1.08873,1.08875,1.08865,1.08871,42,7,0
317,1675255080,1.0887,1.08871,1.08849,1.08854,64,7,0
318,1675255140,1.08854,1.08864,1.08846,1.08863,43,7,0
319,1675255200,1.08863,1.08884,1.0886,1.08884,39,7,0
320,1675255260,1.08884,1.08891,1.08881,1.08885,32,5,0
321,1675255320,1.08885,1.0889,1.08885,1.08886,25,8,0
322,1675255380,1.08886,1.08886,1.08869,1.0887,63,8,0
323,1675255440,1.0887,1.08875,1.08867,1.08874,33,7,0
324,1675255500,1.08874,1.08894,1.08872,1.08888,35,6,0
325,1675255560,1.08887,1.08888,1.08874,1.08874,55,6,0
326,1675255620,1.08874,1.08874,1.08845,1.08854,37,0,0
327,1675255680,1.08854,1.08864,1.08854,1.08861,14,6,0
328,1675255740,1.0886,1.08862,1.08849,1.08851,30,5,0
329,1675255800,1.08851,1.08879,1.08851,1.08879,45,7,0
330,1675255860,1.08879,1.08901,1.08879,1.08895,44,8,0
331,1675255920,1.08895,1.0893,1.08895,1.08928,50,5,0
332,1675255980,1.08928,1.08932,1.08911,1.08911,48,6,0
333,1675256040,1.08911,1.08919,1.08908,1.08911,36,8,0
334,1675256100,1.08911,1.08911,1.08893,1.08895,35,7,0
335,1675256160,1.08895,1.08895,1.0888,1.08886,42,4,0
336,1675256220,1.08886,1.08901,1.08885,1.089,34,8,0
337,1675256280,1.089,1.08901,1.0889199999999999,1.0889199999999999,20,8,0
338,1675256340,1.0889199999999999,1.0892,1.0889199999999999,1.08916,64,8,0
339,1675256400,1.08917,1.08917,1.0889199999999999,1.0889199999999999,81,0,0
340,1675256460,1.08891,1.0890900000000001,1.0888,1.0890900000000001,37,2,0
341,1675256520,1.08908,1.0893,1.08906,1.08926,59,5,0
342,1675256580,1.08925,1.08928,1.08921,1.08926,30,6,0
343,1675256640,1.08926,1.08926,1.0890900000000001,1.08913,42,3,0
344,1675256700,1.08913,1.08915,1.08905,1.08915,47,7,0
345,1675256760,1.08915,1.08924,1.08911,1.08911,38,6,0
346,1675256820,1.08911,1.08911,1.08896,1.08903,44,6,0
347,1675256880,1.08903,1.08904,1.08894,1.08897,36,7,0
348,1675256940,1.08899,1.08904,1.0888,1.0888,49,0,0
349,1675257000,1.08881,1.0891,1.08881,1.08903,57,6,0
350,1675257060,1.08903,1.08903,1.08891,1.08896,48,7,0
351,1675257120,1.08896,1.08924,1.0889199999999999,1.08914,44,3,0
352,1675257180,1.08914,1.08914,1.08899,1.08901,38,5,0
353,1675257240,1.08902,1.08911,1.08894,1.08902,35,6,0
354,1675257300,1.08901,1.08932,1.089,1.08931,48,8,0
355,1675257360,1.08931,1.08931,1.08925,1.08927,20,8,0
356,1675257420,1.08927,1.08933,1.08926,1.08932,17,7,0
357,1675257480,1.08932,1.08942,1.08931,1.08931,33,5,0
358,1675257540,1.0893,1.0894,1.08918,1.08936,46,6,0
359,1675257600,1.08936,1.08944,1.08931,1.08943,29,5,0
360,1675257660,1.08943,1.08957,1.08935,1.08952,53,6,0
361,1675257720,1.08952,1.08952,1.08942,1.08942,52,6,0
362,1675257780,1.08942,1.0895,1.08932,1.08949,42,6,0
363,1675257840,1.08949,1.08954,1.0893,1.0895,56,7,0
364,1675257900,1.0895,1.08962,1.08941,1.08959,45,4,0
365,1675257960,1.08959,1.08963,1.08954,1.08958,39,9,0
366,1675258020,1.08957,1.08957,1.08939,1.0894,43,5,0
367,1675258080,1.0894,1.08951,1.08932,1.08936,60,8,0
368,1675258140,1.08936,1.08937,1.08923,1.08929,43,7,0
369,1675258200,1.08929,1.08944,1.08929,1.08944,42,8,0
370,1675258260,1.08944,1.08948,1.08941,1.08944,29,6,0
371,1675258320,1.08944,1.08951,1.08943,1.08946,32,8,0
372,1675258380,1.08945,1.08949,1.08929,1.0894,45,8,0
373,1675258440,1.08939,1.0894,1.08929,1.08929,25,7,0
374,1675258500,1.08929,1.08935,1.0890900000000001,1.0890900000000001,29,8,0
375,1675258560,1.0890900000000001,1.08926,1.08895,1.08924,75,7,0
376,1675258620,1.08924,1.08926,1.08911,1.08915,40,7,0
377,1675258680,1.08914,1.08925,1.08913,1.08924,17,4,0
378,1675258740,1.08924,1.08944,1.08924,1.08936,36,7,0
379,1675258800,1.08937,1.08948,1.08933,1.08947,36,6,0
380,1675258860,1.08947,1.08955,1.08941,1.08947,56,7,0
381,1675258920,1.08947,1.08959,1.08947,1.08956,46,6,0
382,1675258980,1.08956,1.08963,1.08955,1.0896,49,8,0
383,1675259040,1.0896,1.08962,1.08934,1.08939,49,6,0
384,1675259100,1.08939,1.08944,1.08939,1.0894,20,7,0
385,1675259160,1.0894,1.08947,1.08934,1.0894,23,7,0
386,1675259220,1.0894,1.08945,1.08934,1.08934,20,5,0
387,1675259280,1.08934,1.08946,1.08928,1.08944,31,7,0
388,1675259340,1.08944,1.08944,1.08923,1.08923,37,6,0
389,1675259400,1.08923,1.08924,1.08919,1.08923,34,7,0
390,1675259460,1.08923,1.08923,1.08918,1.08923,12,8,0
391,1675259520,1.08922,1.08939,1.08922,1.08924,38,7,0
392,1675259580,1.08924,1.08925,1.08918,1.08918,34,8,0
393,1675259640,1.08918,1.08923,1.08903,1.08904,46,6,0
394,1675259700,1.08903,1.08928,1.08903,1.08913,62,7,0
395,1675259760,1.08913,1.08918,1.08912,1.08912,25,8,0
396,1675259820,1.08912,1.08923,1.08912,1.08917,46,8,0
397,1675259880,1.08917,1.08931,1.08917,1.08929,26,8,0
398,1675259940,1.08929,1.08934,1.08919,1.08919,28,8,0
399,1675260000,1.08919,1.08931,1.08917,1.08926,49,8,0
400,1675260060,1.08926,1.08929,1.08914,1.0892,34,7,0
401,1675260120,1.0892,1.0892,1.08896,1.08896,54,4,0
402,1675260180,1.08896,1.08923,1.0889199999999999,1.0892,49,6,0
403,1675260240,1.0892,1.08926,1.08913,1.08925,47,7,0
404,1675260300,1.08924,1.08938,1.08923,1.08933,37,7,0
405,1675260360,1.08934,1.08938,1.0893,1.08937,27,9,0
406,1675260420,1.08937,1.08938,1.08926,1.08926,31,9,0
407,1675260480,1.08926,1.08934,1.08925,1.08932,22,9,0
408,1675260540,1.08932,1.08939,1.0893,1.08931,25,8,0
409,1675260600,1.08933,1.08936,1.08928,1.08933,33,8,0
410,1675260660,1.08933,1.08934,1.08925,1.08925,32,8,0
411,1675260720,1.08925,1.08939,1.0892,1.08929,42,6,0
412,1675260780,1.08929,1.08929,1.08916,1.08918,53,7,0
413,1675260840,1.08918,1.08924,1.08916,1.0892,36,7,0
414,1675260900,1.0892,1.08937,1.0892,1.08931,46,8,0
415,1675260960,1.08931,1.08934,1.08926,1.08932,45,8,0
416,1675261020,1.08932,1.08944,1.08931,1.08935,42,6,0
417,1675261080,1.08935,1.08944,1.08933,1.08933,37,8,0
418,1675261140,1.08932,1.08934,1.08927,1.08932,31,8,0
419,1675261200,1.08933,1.08944,1.08932,1.08943,42,7,0
420,1675261260,1.08944,1.0895,1.08941,1.0895,38,7,0
421,1675261320,1.08951,1.08954,1.08933,1.08933,56,8,0
422,1675261380,1.08937,1.08939,1.08926,1.08928,39,8,0
423,1675261440,1.08927,1.08929,1.08925,1.08928,20,9,0
424,1675261500,1.08928,1.08928,1.08926,1.08927,24,9,0
425,1675261560,1.08927,1.0893,1.08917,1.08928,25,7,0
426,1675261620,1.08928,1.08939,1.08928,1.08939,17,8,0
427,1675261680,1.08939,1.08946,1.08939,1.08944,13,9,0
428,1675261740,1.08944,1.0895299999999999,1.08938,1.0895299999999999,26,9,0
429,1675261800,1.0895299999999999,1.08957,1.08946,1.08946,38,7,0
430,1675261860,1.08946,1.08951,1.08943,1.08943,27,8,0
431,1675261920,1.08943,1.08952,1.08943,1.08944,40,8,0
432,1675261980,1.08944,1.08955,1.08944,1.08948,40,8,0
433,1675262040,1.08948,1.08954,1.08943,1.08954,16,8,0
434,1675262100,1.08954,1.08973,1.08952,1.08972,32,6,0
435,1675262160,1.08972,1.08972,1.08961,1.08961,42,7,0
436,1675262220,1.08961,1.08961,1.08932,1.08937,39,5,0
437,1675262280,1.08937,1.08937,1.08918,1.08919,29,7,0
438,1675262340,1.0892,1.08928,1.08918,1.08923,49,7,0
439,1675262400,1.08923,1.08936,1.08922,1.08932,24,8,0
440,1675262460,1.08931,1.08934,1.08928,1.08932,25,9,0
441,1675262520,1.08938,1.08942,1.08931,1.08939,22,7,0
442,1675262580,1.08939,1.0895,1.08939,1.08949,8,7,0
443,1675262640,1.08949,1.0895299999999999,1.08949,1.0895299999999999,13,8,0
444,1675262700,1.0895299999999999,1.0895299999999999,1.0894,1.0894,21,7,0
445,1675262760,1.0894,1.08942,1.08926,1.08934,28,5,0
446,1675262820,1.08934,1.0895299999999999,1.08929,1.08945,50,6,0
447,1675262880,1.08945,1.08946,1.08893,1.08893,70,6,0
448,1675262940,1.08893,1.08903,1.08878,1.08884,65,2,0
449,1675263000,1.08884,1.08893,1.08876,1.08881,78,8,0
450,1675263060,1.08881,1.08894,1.08881,1.08891,35,7,0
451,1675263120,1.08891,1.08904,1.08891,1.08904,43,6,0
452,1675263180,1.08904,1.08914,1.08888,1.08891,40,5,0
453,1675263240,1.08891,1.08907,1.0889,1.08907,27,8,0
454,1675263300,1.08908,1.08916,1.08903,1.08913,47,7,0
455,1675263360,1.08913,1.08943,1.08911,1.08941,69,8,0
456,1675263420,1.08942,1.08944,1.08926,1.08929,72,7,0
457,1675263480,1.08929,1.08929,1.08897,1.0890900000000001,81,7,0
458,1675263540,1.0890900000000001,1.08921,1.08904,1.08907,71,6,0
459,1675263600,1.08911,1.08913,1.08905,1.08911,52,9,0
460,1675263660,1.08911,1.08913,1.089,1.08903,61,2,0
461,1675263720,1.08903,1.08918,1.08901,1.08901,50,5,0
462,1675263780,1.08901,1.08907,1.08877,1.0889199999999999,55,3,0
463,1675263840,1.0889199999999999,1.08914,1.08891,1.08901,77,4,0
464,1675263900,1.08902,1.08911,1.08893,1.08893,63,7,0
465,1675263960,1.0889199999999999,1.08897,1.08882,1.08891,42,6,0
466,1675264020,1.08891,1.08895,1.08887,1.08887,43,7,0
467,1675264080,1.08887,1.08903,1.08887,1.08894,71,6,0
468,1675264140,1.08894,1.08924,1.08894,1.08923,37,6,0
469,1675264200,1.08923,1.08942,1.08923,1.08939,69,6,0
470,1675264260,1.08939,1.08944,1.08934,1.08942,50,6,0
471,1675264320,1.08942,1.08951,1.08936,1.08948,43,6,0
472,1675264380,1.0895,1.08952,1.08937,1.08942,40,8,0
473,1675264440,1.08942,1.08952,1.0893,1.08938,88,6,0
474,1675264500,1.08938,1.0907,1.08932,1.09044,335,0,0
475,1675264560,1.09044,1.0906,1.09024,1.09035,143,1,0
476,1675264620,1.09035,1.09045,1.09008,1.09011,183,7,0
477,1675264680,1.09012,1.09019,1.09002,1.09006,104,7,0
478,1675264740,1.09007,1.09007,1.08966,1.08986,124,5,0
479,1675264800,1.08994,1.09053,1.08994,1.09033,173,4,0
480,1675264860,1.09033,1.09043,1.09028,1.09036,124,7,0
481,1675264920,1.09036,1.09064,1.09034,1.09057,219,4,0
482,1675264980,1.09057,1.09063,1.09007,1.09008,141,7,0
483,1675265040,1.09007,1.09032,1.09007,1.09021,132,6,0
484,1675265100,1.09021,1.0905,1.09021,1.0903100000000001,112,3,0
485,1675265160,1.09032,1.09032,1.09008,1.09011,102,4,0
486,1675265220,1.09011,1.0901399999999999,1.08999,1.09002,89,7,0
487,1675265280,1.09001,1.09006,1.08987,1.08998,76,8,0
488,1675265340,1.08998,1.09015,1.08996,1.09002,75,7,0
489,1675265400,1.09002,1.09015,1.08995,1.09015,50,6,0
490,1675265460,1.09015,1.09034,1.0901,1.09033,91,1,0
491,1675265520,1.09033,1.0905,1.0903100000000001,1.0904,106,6,0
492,1675265580,1.09041,1.09044,1.0902,1.0903,110,5,0
493,1675265640,1.0903,1.0903,1.08997,1.09006,112,4,0
494,1675265700,1.09006,1.09022,1.09002,1.09017,83,6,0
495,1675265760,1.09017,1.09026,1.09011,1.09011,89,8,0
496,1675265820,1.09011,1.09037,1.09009,1.09032,56,2,0
497,1675265880,1.09032,1.09035,1.09001,1.09022,57,5,0
498,1675265940,1.09019,1.09022,1.09007,1.09016,46,3,0
499,1675266000,1.09016,1.09016,1.09006,1.09007,54,6,0
500,1675266060,1.09005,1.09017,1.08992,1.09016,79,6,0
501,1675266120,1.09016,1.09025,1.09008,1.0902,79,8,0
502,1675266180,1.0902,1.09041,1.0902,1.09038,75,7,0
503,1675266240,1.09039,1.09041,1.0902,1.09027,74,6,0
504,1675266300,1.09027,1.09043,1.09027,1.09041,63,6,0
505,1675266360,1.09041,1.09053,1.09037,1.09039,75,7,0
506,1675266420,1.09039,1.09062,1.09039,1.09061,77,7,0
507,1675266480,1.09061,1.09064,1.0904,1.09045,66,6,0
508,1675266540,1.09045,1.09053,1.09041,1.09047,55,7,0
509,1675266600,1.09047,1.09062,1.09046,1.09061,69,7,0
510,1675266660,1.09061,1.09084,1.09061,1.09073,77,2,0
511,1675266720,1.09073,1.09086,1.09071,1.09072,76,7,0
512,1675266780,1.09072,1.09076,1.09056,1.09062,79,6,0
513,1675266840,1.09062,1.09087,1.09061,1.09081,60,7,0
514,1675266900,1.09081,1.09082,1.09071,1.0908,70,7,0
515,1675266960,1.0908,1.09093,1.09071,1.0907499999999999,86,7,0
516,1675267020,1.0907499999999999,1.09077,1.09046,1.09046,105,5,0
517,1675267080,1.09046,1.09056,1.09041,1.09054,61,4,0
518,1675267140,1.09055,1.0906,1.09034,1.09036,103,7,0
519,1675267200,1.09035,1.09046,1.09032,1.09045,64,6,0
520,1675267260,1.09046,1.09052,1.09039,1.09046,59,6,0
521,1675267320,1.09046,1.09049,1.09036,1.09041,80,8,0
522,1675267380,1.09041,1.09054,1.09036,1.09041,59,7,0
523,1675267440,1.09042,1.09048,1.09027,1.09029,48,3,0
524,1675267500,1.09029,1.0908,1.09019,1.0908,86,3,0
525,1675267560,1.0908,1.09104,1.09073,1.0909200000000001,107,6,0
526,1675267620,1.09094,1.09099,1.09083,1.09091,71,7,0
527,1675267680,1.09091,1.09097,1.0907499999999999,1.09076,48,6,0
528,1675267740,1.09076,1.09087,1.09072,1.09077,55,6,0
529,1675267800,1.09077,1.09091,1.09072,1.09087,54,2,0
530,1675267860,1.09087,1.09095,1.09085,1.0909200000000001,40,7,0
531,1675267920,1.0909200000000001,1.0909200000000001,1.09071,1.09086,48,4,0
532,1675267980,1.09087,1.09099,1.09076,1.09076,43,5,0
533,1675268040,1.09078,1.0909200000000001,1.09077,1.09086,91,6,0
534,1675268100,1.09085,1.09086,1.0906,1.09061,80,6,0
535,1675268160,1.09061,1.09072,1.0904,1.09057,61,2,0
536,1675268220,1.09057,1.09057,1.09035,1.09037,66,4,0
537,1675268280,1.09037,1.09066,1.09037,1.0906,71,4,0
538,1675268340,1.0906,1.0906,1.09047,1.0905,43,7,0
539,1675268400,1.0905,1.0907,1.09047,1.09057,66,6,0
540,1675268460,1.09057,1.09077,1.09057,1.0907499999999999,55,6,0
541,1675268520,1.0907499999999999,1.0907499999999999,1.09061,1.09064,31,5,0
542,1675268580,1.09064,1.09066,1.09052,1.09052,44,6,0
543,1675268640,1.09052,1.09055,1.09032,1.09033,63,3,0
544,1675268700,1.09033,1.09052,1.09032,1.0905,78,6,0
545,1675268760,1.09051,1.09051,1.09035,1.09046,47,7,0
546,1675268820,1.09046,1.09051,1.09045,1.09051,36,7,0
547,1675268880,1.09051,1.09056,1.09035,1.09035,33,5,0
548,1675268940,1.09035,1.09041,1.09021,1.09025,90,4,0
549,1675269000,1.09025,1.0903100000000001,1.09011,1.0903,111,6,0
550,1675269060,1.09029,1.09041,1.09011,1.09016,111,6,0
551,1675269120,1.09016,1.09036,1.09011,1.09027,91,6,0
552,1675269180,1.09027,1.09044,1.09022,1.09044,107,7,0
553,1675269240,1.09043,1.09046,1.09029,1.09041,81,7,0
554,1675269300,1.09041,1.09041,1.09021,1.09035,82,6,0
555,1675269360,1.09032,1.09045,1.0903100000000001,1.09037,72,7,0
556,1675269420,1.09036,1.09041,1.09021,1.0904,68,6,0
557,1675269480,1.0904,1.09056,1.0903100000000001,1.09051,80,6,0
558,1675269540,1.09052,1.09057,1.0904,1.09057,59,5,0
559,1675269600,1.09057,1.09061,1.09039,1.09044,89,5,0
560,1675269660,1.09044,1.09047,1.09032,1.09046,56,7,0
561,1675269720,1.09046,1.09051,1.0904,1.09041,17,5,0
562,1675269780,1.09041,1.09041,1.09016,1.09021,52,4,0
563,1675269840,1.09021,1.09028,1.09009,1.09013,89,6,0
564,1675269900,1.09013,1.09039,1.09007,1.09028,125,6,0
565,1675269960,1.09029,1.09071,1.09028,1.09071,82,5,0
566,1675270020,1.09071,1.09079,1.09047,1.0906,97,6,0
567,1675270080,1.09061,1.09067,1.09052,1.09057,96,6,0
568,1675270140,1.09057,1.09064,1.09041,1.09041,82,7,0
569,1675270200,1.09041,1.09058,1.09036,1.09058,80,5,0
570,1675270260,1.09058,1.09066,1.09045,1.09066,72,5,0
571,1675270320,1.09066,1.09084,1.0906,1.0906,74,6,0
572,1675270380,1.0906,1.09068,1.09054,1.09056,63,5,0
573,1675270440,1.09055,1.09073,1.09054,1.09056,78,6,0
574,1675270500,1.09056,1.09066,1.0904,1.09046,81,6,0
575,1675270560,1.09046,1.09046,1.09026,1.09027,79,5,0
576,1675270620,1.09027,1.09044,1.09026,1.09035,64,7,0
577,1675270680,1.09035,1.09037,1.09021,1.09027,29,8,0
578,1675270740,1.0903100000000001,1.09045,1.09017,1.09035,137,6,0
579,1675270800,1.09039,1.09068,1.08883,1.09019,386,0,0
580,1675270860,1.09019,1.09036,1.08966,1.08976,199,7,0
581,1675270920,1.08976,1.09,1.08941,1.08955,249,2,0
582,1675270980,1.08956,1.08961,1.0889199999999999,1.08929,302,0,0
583,1675271040,1.08929,1.08975,1.08915,1.08973,223,3,0
584,1675271100,1.08974,1.08978,1.08926,1.08977,228,2,0
585,1675271160,1.08978,1.0901,1.08957,1.08957,176,5,0
586,1675271220,1.08956,1.08956,1.08927,1.08949,169,4,0
587,1675271280,1.08949,1.08967,1.08929,1.08958,136,5,0
588,1675271340,1.08959,1.08971,1.0894,1.08967,148,4,0
589,1675271400,1.08968,1.09011,1.08965,1.09,171,4,0
590,1675271460,1.09,1.09012,1.08994,1.09011,133,7,0
591,1675271520,1.09011,1.09036,1.08995,1.09025,157,4,0
592,1675271580,1.09021,1.09023,1.08987,1.08987,151,5,0
593,1675271640,1.08987,1.08991,1.08946,1.08985,142,5,0
594,1675271700,1.08987,1.08988,1.08944,1.08962,122,5,0
595,1675271760,1.08962,1.08967,1.08936,1.08951,116,6,0
596,1675271820,1.08955,1.08962,1.08937,1.08957,140,4,0
597,1675271880,1.08957,1.08996,1.08951,1.08986,129,6,0
598,1675271940,1.08986,1.08986,1.08965,1.08971,105,6,0
599,1675272000,1.0897000000000001,1.08975,1.08951,1.08965,102,6,0
600,1675272060,1.08965,1.08972,1.08934,1.08936,102,4,0
601,1675272120,1.08937,1.08951,1.08933,1.08944,96,6,0
602,1675272180,1.08945,1.08955,1.08915,1.08946,147,6,0
603,1675272240,1.08947,1.08976,1.08931,1.08971,115,7,0
604,1675272300,1.08972,1.08984,1.08959,1.0896,109,6,0
605,1675272360,1.08959,1.08975,1.08934,1.08935,157,6,0
606,1675272420,1.08935,1.0896,1.08935,1.08959,142,4,0
607,1675272480,1.08959,1.09001,1.08959,1.08997,162,0,0
608,1675272540,1.08997,1.09038,1.08984,1.09038,140,5,0
609,1675272600,1.09039,1.09049,1.08998,1.08998,154,2,0
610,1675272660,1.08998,1.09027,1.08997,1.09011,132,3,0
611,1675272720,1.0901399999999999,1.0905,1.09012,1.0905,124,5,0
612,1675272780,1.0905,1.09055,1.09029,1.09036,112,4,0
613,1675272840,1.09035,1.09043,1.09024,1.09035,110,6,0
614,1675272900,1.09035,1.09051,1.09032,1.09036,89,5,0
615,1675272960,1.09036,1.09056,1.09034,1.09049,116,6,0
616,1675273020,1.09049,1.0906,1.09042,1.09048,111,7,0
617,1675273080,1.0905,1.09071,1.09043,1.09062,114,6,0
618,1675273140,1.09062,1.09077,1.09057,1.0907,78,5,0
619,1675273200,1.09071,1.0909,1.09051,1.09081,145,4,0
620,1675273260,1.09082,1.09086,1.09051,1.09057,100,0,0
621,1675273320,1.09057,1.09065,1.0904,1.09052,110,5,0
622,1675273380,1.09053,1.09083,1.09051,1.09073,114,5,0
623,1675273440,1.09073,1.09086,1.09063,1.09065,77,4,0
624,1675273500,1.09065,1.09088,1.09061,1.0908,116,6,0
625,1675273560,1.09086,1.0912,1.09081,1.09115,127,2,0
626,1675273620,1.09115,1.0912,1.09086,1.09115,105,6,0
627,1675273680,1.09115,1.0912,1.0909200000000001,1.09105,122,5,0
628,1675273740,1.09104,1.09112,1.09079,1.09096,118,4,0
629,1675273800,1.09096,1.091,1.09068,1.09095,142,4,0
630,1675273860,1.09096,1.09105,1.09086,1.091,117,7,0
631,1675273920,1.09102,1.09104,1.09091,1.09104,102,6,0
632,1675273980,1.09104,1.09159,1.09099,1.09149,144,1,0
633,1675274040,1.09149,1.09178,1.09147,1.09171,115,6,0
634,1675274100,1.09171,1.09181,1.09167,1.09181,84,6,0
635,1675274160,1.09179,1.09208,1.09179,1.09182,138,3,0
636,1675274220,1.0918,1.09242,1.09178,1.09238,117,6,0
637,1675274280,1.09238,1.09241,1.09199,1.09212,165,4,0
638,1675274340,1.09213,1.09214,1.09185,1.09191,138,6,0
639,1675274400,1.09191,1.09193,1.0916,1.0916,147,6,0
640,1675274460,1.0916,1.09171,1.09137,1.09169,128,6,0
641,1675274520,1.09169,1.0918,1.0916,1.09169,119,6,0
642,1675274580,1.09168,1.09204,1.09143,1.09191,137,5,0
643,1675274640,1.09191,1.09212,1.09175,1.09181,141,4,0
644,1675274700,1.09182,1.0921,1.09181,1.09205,87,6,0
645,1675274760,1.09205,1.0921,1.09184,1.09185,100,6,0
646,1675274820,1.09184,1.09199,1.09165,1.09167,99,6,0
647,1675274880,1.09167,1.09188,1.09167,1.09184,116,7,0
648,1675274940,1.09184,1.09189,1.09165,1.09171,90,7,0
649,1675275000,1.09171,1.0919699999999999,1.09171,1.09195,77,6,0
650,1675275060,1.09195,1.092,1.09184,1.092,76,5,0
651,1675275120,1.092,1.09205,1.09188,1.09195,70,7,0
652,1675275180,1.09195,1.09209,1.09194,1.09199,89,6,0
653,1675275240,1.09199,1.09206,1.09186,1.0919,62,7,0
654,1675275300,1.09192,1.09196,1.09171,1.09173,95,6,0
655,1675275360,1.09174,1.09174,1.09155,1.09171,95,3,0
656,1675275420,1.09172,1.09173,1.09155,1.09161,71,8,0
657,1675275480,1.09161,1.09187,1.0916,1.09184,72,8,0
658,1675275540,1.09184,1.09184,1.0917,1.09173,62,6,0
659,1675275600,1.09173,1.09189,1.09171,1.09176,81,5,0
660,1675275660,1.09176,1.09195,1.09176,1.09183,82,5,0
661,1675275720,1.09182,1.09215,1.09182,1.09205,73,5,0
662,1675275780,1.09208,1.0921,1.09179,1.09191,69,2,0
663,1675275840,1.09191,1.09191,1.09175,1.09176,55,8,0
664,1675275900,1.09176,1.09185,1.0917,1.0918,68,5,0
665,1675275960,1.0918,1.09191,1.09168,1.0917,74,7,0
666,1675276020,1.0917,1.09188,1.09168,1.09172,79,5,0
667,1675276080,1.09172,1.09176,1.09166,1.09171,51,8,0
668,1675276140,1.09175,1.09185,1.09166,1.09182,82,8,0
669,1675276200,1.09182,1.09184,1.09166,1.09171,52,7,0
670,1675276260,1.09171,1.09192,1.0917,1.09182,75,7,0
671,1675276320,1.09182,1.09192,1.0918,1.09191,41,8,0
672,1675276380,1.0919,1.09207,1.0919,1.09207,58,8,0
673,1675276440,1.09207,1.09215,1.09206,1.09211,49,6,0
674,1675276500,1.09212,1.09212,1.09195,1.09195,53,7,0
675,1675276560,1.09194,1.09205,1.09191,1.09196,57,6,0
676,1675276620,1.09196,1.09202,1.0919,1.09201,34,5,0
677,1675276680,1.09201,1.09204,1.09196,1.09196,37,8,0
678,1675276740,1.09194,1.09213,1.09194,1.09211,32,7,0
679,1675276800,1.09211,1.09227,1.09211,1.09224,49,7,0
680,1675276860,1.09224,1.09235,1.09217,1.09233,40,8,0
681,1675276920,1.09233,1.09233,1.09221,1.09221,43,6,0
682,1675276980,1.09221,1.09227,1.09216,1.09222,38,7,0
683,1675277040,1.09222,1.09222,1.09207,1.0921,43,8,0
684,1675277100,1.0921,1.09211,1.092,1.09207,64,6,0
685,1675277160,1.09207,1.09207,1.09165,1.09177,77,5,0
686,1675277220,1.09177,1.09185,1.09175,1.09184,68,7,0
687,1675277280,1.09184,1.09194,1.09182,1.09187,43,7,0
688,1675277340,1.09187,1.0919699999999999,1.09176,1.09176,34,6,0
689,1675277400,1.09176,1.09181,1.09166,1.09177,50,7,0
690,1675277460,1.09177,1.09177,1.0915,1.09174,74,6,0
691,1675277520,1.09174,1.09179,1.0917,1.09175,27,8,0
692,1675277580,1.09175,1.09177,1.09168,1.09169,50,7,0
693,1675277640,1.09167,1.09177,1.09166,1.09171,38,7,0
694,1675277700,1.09171,1.09179,1.09161,1.09162,73,6,0
695,1675277760,1.09162,1.09166,1.09156,1.0916,64,8,0
696,1675277820,1.09161,1.09176,1.09159,1.09161,82,7,0
697,1675277880,1.09161,1.09181,1.09156,1.09181,43,6,0
698,1675277940,1.09181,1.09184,1.09155,1.09159,67,6,0
699,1675278000,1.09159,1.09173,1.09155,1.09168,68,3,0
700,1675278060,1.09168,1.09173,1.09166,1.0917,57,8,0
701,1675278120,1.0917,1.09181,1.09168,1.09171,59,5,0
702,1675278180,1.09171,1.09184,1.09169,1.0917,60,6,0
703,1675278240,1.0917,1.09179,1.0917,1.09171,29,7,0
704,1675278300,1.0917,1.09176,1.09159,1.09167,49,8,0
705,1675278360,1.09167,1.09169,1.09154,1.09155,46,6,0
706,1675278420,1.09157,1.09169,1.09155,1.09156,65,5,0
707,1675278480,1.09156,1.09164,1.0915300000000001,1.09157,66,8,0
708,1675278540,1.09159,1.09166,1.09157,1.09161,54,8,0
709,1675278600,1.09161,1.09181,1.09159,1.09172,68,7,0
710,1675278660,1.09172,1.09174,1.09165,1.0917,33,7,0
711,1675278720,1.0917,1.0917,1.09146,1.09149,54,6,0
712,1675278780,1.09149,1.09152,1.09135,1.09139,56,3,0
713,1675278840,1.09139,1.09147,1.09133,1.09138,75,7,0
714,1675278900,1.09138,1.09142,1.09133,1.0913599999999999,35,9,0
715,1675278960,1.09134,1.09145,1.09134,1.09135,55,8,0
716,1675279020,1.09135,1.0915300000000001,1.09133,1.09149,51,8,0
717,1675279080,1.09149,1.09152,1.09129,1.0913,56,7,0
718,1675279140,1.0913,1.0913,1.09118,1.09124,55,6,0
719,1675279200,1.09122,1.09133,1.09119,1.09125,67,7,0
720,1675279260,1.09125,1.09132,1.09119,1.0913,53,8,0
721,1675279320,1.09129,1.09133,1.09127,1.09129,41,7,0
722,1675279380,1.09129,1.0913,1.09108,1.09119,51,6,0
723,1675279440,1.09119,1.09134,1.09118,1.09134,36,5,0
724,1675279500,1.09134,1.09134,1.09119,1.09119,52,7,0
725,1675279560,1.09119,1.0912,1.09108,1.09112,28,7,0
726,1675279620,1.09112,1.0912,1.09111,1.09119,32,8,0
727,1675279680,1.09118,1.09121,1.09113,1.09114,32,7,0
728,1675279740,1.09114,1.09123,1.09114,1.09122,21,9,0
729,1675279800,1.09123,1.09129,1.09123,1.09124,35,9,0
730,1675279860,1.09124,1.09132,1.09124,1.09128,36,8,0
731,1675279920,1.09129,1.09129,1.09112,1.09112,41,5,0
732,1675279980,1.09114,1.09116,1.09094,1.09094,49,5,0
733,1675280040,1.09095,1.09102,1.0909200000000001,1.09099,44,8,0
734,1675280100,1.09099,1.09102,1.09084,1.09087,34,8,0
735,1675280160,1.09087,1.09089,1.09079,1.09088,24,5,0
736,1675280220,1.09088,1.09091,1.09084,1.09089,45,8,0
737,1675280280,1.09089,1.0909,1.09079,1.09085,32,7,0
738,1675280340,1.09085,1.09089,1.09077,1.09079,33,8,0
739,1675280400,1.09079,1.09094,1.09079,1.09094,28,7,0
740,1675280460,1.09094,1.09095,1.0909,1.09091,23,8,0
741,1675280520,1.09091,1.09091,1.09079,1.0908,35,4,0
742,1675280580,1.09079,1.09084,1.09077,1.09078,41,6,0
743,1675280640,1.09078,1.09079,1.09073,1.09078,24,9,0
744,1675280700,1.09078,1.0908,1.09064,1.09068,36,8,0
745,1675280760,1.09068,1.09074,1.09068,1.09071,26,9,0
746,1675280820,1.09071,1.09071,1.09056,1.09064,48,5,0
747,1675280880,1.09064,1.09069,1.09063,1.09068,25,7,0
748,1675280940,1.09068,1.09068,1.09057,1.09063,37,7,0
749,1675281000,1.09063,1.09068,1.09062,1.09064,31,8,0
750,1675281060,1.09063,1.09067,1.09062,1.09067,26,9,0
751,1675281120,1.09067,1.09067,1.09043,1.09053,46,1,0
752,1675281180,1.09053,1.09068,1.09052,1.09059,36,4,0
753,1675281240,1.09062,1.09062,1.09056,1.09057,19,7,0
754,1675281300,1.09057,1.09062,1.09056,1.09057,26,8,0
755,1675281360,1.0906,1.09068,1.09057,1.09068,22,8,0
756,1675281420,1.09068,1.09071,1.09045,1.09052,44,8,0
757,1675281480,1.09052,1.09063,1.09042,1.0906,58,6,0
758,1675281540,1.0906,1.09072,1.09054,1.09072,51,9,0
759,1675281600,1.09072,1.0907499999999999,1.09056,1.09058,61,8,0
760,1675281660,1.09057,1.09078,1.09055,1.0907499999999999,43,7,0
761,1675281720,1.0907499999999999,1.09082,1.0907499999999999,1.09081,17,6,0
762,1675281780,1.09081,1.09099,1.09081,1.09095,44,7,0
763,1675281840,1.09095,1.09106,1.0909200000000001,1.09105,27,6,0
764,1675281900,1.09105,1.09123,1.09105,1.0912,91,6,0
765,1675281960,1.0912,1.09126,1.09116,1.09124,41,8,0
766,1675282020,1.09124,1.09127,1.0912,1.09124,29,7,0
767,1675282080,1.09124,1.09145,1.09122,1.09135,49,6,0
768,1675282140,1.09135,1.09148,1.0913,1.09146,36,8,0
769,1675282200,1.09147,1.09147,1.09132,1.09141,65,7,0
770,1675282260,1.09141,1.09141,1.09129,1.09135,48,7,0
771,1675282320,1.09135,1.09142,1.09131,1.09134,43,2,0
772,1675282380,1.09134,1.09139,1.0913,1.09139,19,8,0
773,1675282440,1.09139,1.0915300000000001,1.09139,1.09151,51,8,0
774,1675282500,1.09151,1.09162,1.09149,1.0916,40,4,0
775,1675282560,1.0916,1.0916,1.0915300000000001,1.09156,18,6,0
776,1675282620,1.09156,1.09166,1.09155,1.09161,24,5,0
777,1675282680,1.09161,1.09173,1.0916,1.09171,46,7,0
778,1675282740,1.09171,1.09176,1.0916,1.09166,63,3,0
779,1675282800,1.09166,1.09182,1.09165,1.09181,33,6,0
780,1675282860,1.09182,1.09187,1.09163,1.09168,57,6,0
781,1675282920,1.09168,1.0918,1.09165,1.09177,81,6,0
782,1675282980,1.09177,1.09189,1.09167,1.09188,65,5,0
783,1675283040,1.09188,1.09193,1.09176,1.09177,54,6,0
784,1675283100,1.09177,1.09185,1.09151,1.09159,64,4,0
785,1675283160,1.09161,1.09178,1.0916,1.09167,48,7,0
786,1675283220,1.09167,1.09188,1.09166,1.09187,38,7,0
787,1675283280,1.09187,1.09187,1.09171,1.09176,67,6,0
788,1675283340,1.09176,1.09179,1.09157,1.09167,66,7,0
789,1675283400,1.09167,1.09172,1.09165,1.09171,28,7,0
790,1675283460,1.09171,1.09177,1.09167,1.09171,41,8,0
791,1675283520,1.09171,1.09171,1.09151,1.09155,37,6,0
792,1675283580,1.09155,1.09166,1.09155,1.09162,23,7,0
793,1675283640,1.09161,1.09171,1.09157,1.09162,39,5,0
794,1675283700,1.09162,1.09162,1.09143,1.09145,34,9,0
795,1675283760,1.09146,1.09147,1.09141,1.09142,30,7,0
796,1675283820,1.09142,1.09148,1.09141,1.09142,21,7,0
797,1675283880,1.09142,1.09145,1.09141,1.09142,6,8,0
798,1675283940,1.09141,1.09159,1.09141,1.09159,38,6,0
799,1675284000,1.09162,1.09202,1.09161,1.09172,100,1,0
800,1675284060,1.09172,1.09179,1.09158,1.09178,94,5,0
801,1675284120,1.09178,1.09188,1.09176,1.09187,44,5,0
802,1675284180,1.09187,1.09187,1.09162,1.09163,51,0,0
803,1675284240,1.09163,1.09166,1.09149,1.09157,64,6,0
804,1675284300,1.09157,1.09157,1.0914,1.09156,47,6,0
805,1675284360,1.09156,1.09156,1.09126,1.09129,42,6,0
806,1675284420,1.09128,1.09131,1.09096,1.09096,76,5,0
807,1675284480,1.09097,1.09101,1.09085,1.09087,51,7,0
808,1675284540,1.09087,1.09094,1.09081,1.09087,42,6,0
809,1675284600,1.09086,1.09098,1.09086,1.09091,61,6,0
810,1675284660,1.09093,1.09111,1.0909200000000001,1.09107,51,7,0
811,1675284720,1.09107,1.0912,1.091,1.09119,27,7,0
812,1675284780,1.09119,1.09125,1.09115,1.09116,59,8,0
813,1675284840,1.09116,1.09131,1.09115,1.09128,46,6,0
814,1675284900,1.09127,1.09144,1.09127,1.09138,37,8,0
815,1675284960,1.09138,1.09156,1.09135,1.09154,51,7,0
816,1675285020,1.09154,1.09159,1.09152,1.09154,57,7,0
817,1675285080,1.09154,1.09155,1.0913599999999999,1.0915,100,6,0
818,1675285140,1.0915,1.09155,1.09131,1.09148,78,4,0
819,1675285200,1.09143,1.09159,1.08915,1.09111,368,0,0
820,1675285260,1.09112,1.09252,1.09068,1.09176,374,0,0
821,1675285320,1.09174,1.09224,1.09064,1.09069,298,0,0
822,1675285380,1.09069,1.0913599999999999,1.09017,1.0907499999999999,278,0,0
823,1675285440,1.0907499999999999,1.09097,1.08978,1.08984,299,1,0
824,1675285500,1.08986,1.09076,1.08972,1.09067,306,3,0
825,1675285560,1.09068,1.09068,1.08908,1.0893,317,0,0
826,1675285620,1.0893,1.09079,1.08912,1.0905,277,0,0
827,1675285680,1.09049,1.09102,1.0904,1.091,248,0,0
828,1675285740,1.091,1.09107,1.09041,1.091,236,2,0
829,1675285800,1.09101,1.09184,1.09083,1.09083,278,3,0
830,1675285860,1.09083,1.09154,1.09071,1.09154,222,0,0
831,1675285920,1.09154,1.09159,1.09114,1.09151,221,3,0
832,1675285980,1.09151,1.09161,1.09087,1.09117,240,2,0
833,1675286040,1.09116,1.09143,1.09098,1.09113,217,6,0
834,1675286100,1.09113,1.09113,1.09067,1.09106,248,6,0
835,1675286160,1.09106,1.09129,1.09066,1.0907499999999999,222,7,0
836,1675286220,1.09076,1.09083,1.0903100000000001,1.09052,250,1,0
837,1675286280,1.09052,1.09077,1.09037,1.09051,212,0,0
838,1675286340,1.09051,1.09085,1.09051,1.09062,211,4,0
839,1675286400,1.09061,1.09083,1.09048,1.09064,200,3,0
840,1675286460,1.09064,1.09099,1.0905,1.09097,158,5,0
841,1675286520,1.09097,1.09112,1.09084,1.09085,161,5,0
842,1675286580,1.09084,1.09107,1.09077,1.09081,117,3,0
843,1675286640,1.09081,1.09087,1.09061,1.09073,161,7,0
844,1675286700,1.09074,1.09081,1.0903,1.09041,172,0,0
845,1675286760,1.09041,1.09087,1.09041,1.0908,158,4,0
846,1675286820,1.0908,1.09123,1.09076,1.09109,201,0,0
847,1675286880,1.09109,1.09132,1.09102,1.09128,195,4,0
848,1675286940,1.09129,1.09139,1.09106,1.09108,172,0,0
849,1675287000,1.09108,1.09134,1.09072,1.09094,331,0,0
850,1675287060,1.09094,1.09148,1.08984,1.08988,386,1,0
851,1675287120,1.08988,1.09074,1.08956,1.08965,411,0,0
852,1675287180,1.08965,1.08981,1.08881,1.0894,421,0,0
853,1675287240,1.08942,1.09066,1.08895,1.09064,413,1,0
854,1675287300,1.09063,1.0913,1.09007,1.09081,411,1,0
855,1675287360,1.09081,1.09128,1.09052,1.09102,384,0,0
856,1675287420,1.09102,1.09261,1.0906,1.09171,416,0,0
857,1675287480,1.09171,1.09313,1.09167,1.09303,475,0,0
858,1675287540,1.09302,1.09422,1.09294,1.09371,412,0,0
859,1675287600,1.09377,1.09433,1.09345,1.09409,394,0,0
860,1675287660,1.09412,1.09608,1.09412,1.09563,408,0,0
861,1675287720,1.09562,1.09589,1.09422,1.09506,415,0,0
862,1675287780,1.0950199999999999,1.09676,1.0950199999999999,1.09649,453,0,0
863,1675287840,1.09647,1.09734,1.09595,1.09727,438,0,0
864,1675287900,1.09728,1.09731,1.09631,1.09716,396,1,0
865,1675287960,1.0971,1.09851,1.09703,1.09801,389,0,0
866,1675288020,1.09798,1.09804,1.09703,1.09744,417,0,0
867,1675288080,1.09744,1.09786,1.0972,1.09753,347,0,0
868,1675288140,1.09753,1.09762,1.09656,1.09662,392,3,0
869,1675288200,1.09662,1.09758,1.09662,1.09752,400,0,0
870,1675288260,1.09752,1.09757,1.09651,1.09748,386,0,0
871,1675288320,1.09748,1.0977,1.09721,1.09761,334,0,0
872,1675288380,1.0976,1.09832,1.09724,1.09815,376,0,0
873,1675288440,1.09815,1.09837,1.09764,1.09786,316,0,0
874,1675288500,1.09786,1.09832,1.09732,1.09788,340,0,0
875,1675288560,1.09792,1.09814,1.09764,1.09799,321,1,0
876,1675288620,1.09798,1.09848,1.09742,1.09754,332,0,0
877,1675288680,1.09754,1.09784,1.0973600000000001,1.09757,312,1,0
878,1675288740,1.09757,1.09787,1.09737,1.09773,255,0,0
879,1675288800,1.09773,1.0983,1.09771,1.09802,303,5,0
880,1675288860,1.09801,1.0984,1.09771,1.09824,279,3,0
881,1675288920,1.09823,1.09854,1.09806,1.09821,285,4,0
882,1675288980,1.0982,1.09897,1.09804,1.09886,232,0,0
883,1675289040,1.09886,1.09907,1.09856,1.09861,225,3,0
884,1675289100,1.09861,1.0996299999999999,1.09857,1.09962,271,0,0
885,1675289160,1.09959,1.09985,1.09922,1.09929,239,0,0
886,1675289220,1.09929,1.10003,1.09863,1.09903,350,0,0
887,1675289280,1.09904,1.09942,1.09886,1.09908,288,0,0
888,1675289340,1.09908,1.09944,1.09888,1.09894,272,4,0
889,1675289400,1.09894,1.09894,1.09819,1.0985,321,0,0
890,1675289460,1.0985,1.09877,1.0982,1.09864,246,5,0
891,1675289520,1.09864,1.09871,1.0979,1.0979,240,0,0
892,1675289580,1.09789,1.09804,1.09761,1.09767,221,3,0
893,1675289640,1.09769,1.09794,1.0976,1.0979,188,6,0
894,1675289700,1.09789,1.09799,1.0972,1.09732,242,3,0
895,1675289760,1.09732,1.09745,1.0969,1.0974,257,0,0
896,1675289820,1.09741,1.09793,1.09741,1.09785,262,4,0
897,1675289880,1.09785,1.09886,1.09781,1.0984,212,0,0
898,1675289940,1.09843,1.09874,1.09831,1.09864,195,4,0
899,1675290000,1.09863,1.09863,1.09793,1.09813,219,0,0
900,1675290060,1.09814,1.09843,1.09793,1.09802,144,0,0
901,1675290120,1.09803,1.09836,1.098,1.09833,170,2,0
902,1675290180,1.09833,1.09836,1.09802,1.09808,190,7,0
903,1675290240,1.09808,1.09839,1.09796,1.09832,155,5,0
904,1675290300,1.09832,1.09864,1.0983,1.09845,150,5,0
905,1675290360,1.09846,1.09888,1.09843,1.09874,169,3,0
906,1675290420,1.09874,1.09904,1.09871,1.09904,182,3,0
907,1675290480,1.09903,1.0993,1.09903,1.09916,163,5,0
908,1675290540,1.0991900000000001,1.09925,1.099,1.09921,101,7,0
909,1675290600,1.09921,1.0994,1.09921,1.09936,134,3,0
910,1675290660,1.09935,1.09951,1.09932,1.0994,145,0,0
911,1675290720,1.0994,1.09949,1.09913,1.09947,129,6,0
912,1675290780,1.09947,1.09962,1.09926,1.09959,103,0,0
913,1675290840,1.09959,1.09962,1.09928,1.09942,121,5,0
914,1675290900,1.09942,1.09955,1.09934,1.0995,152,6,0
915,1675290960,1.0995,1.0996,1.09935,1.09939,149,7,0
916,1675291020,1.0994,1.0996,1.0994,1.0995,123,4,0
917,1675291080,1.0995,1.0996,1.0994,1.09941,115,1,0
918,1675291140,1.09941,1.0996,1.09936,1.09957,169,5,0
919,1675291200,1.09957,1.0997,1.09951,1.0997,135,7,0
920,1675291260,1.0997,1.09996,1.09966,1.09966,146,5,0
921,1675291320,1.09966,1.09971,1.09945,1.09949,143,6,0
922,1675291380,1.09949,1.09973,1.09947,1.0996,149,3,0
923,1675291440,1.0996,1.09972,1.09948,1.09952,151,5,0
924,1675291500,1.09952,1.09971,1.09949,1.09965,134,5,0
925,1675291560,1.09964,1.0998,1.09958,1.09974,122,7,0
926,1675291620,1.09974,1.09974,1.09934,1.09939,98,8,0
927,1675291680,1.09941,1.09944,1.09887,1.09896,126,7,0
928,1675291740,1.09896,1.09916,1.09891,1.09908,140,6,0
929,1675291800,1.09908,1.09908,1.09835,1.0984,184,0,0
930,1675291860,1.09847,1.09867,1.09847,1.09862,148,3,0
931,1675291920,1.09863,1.09864,1.09843,1.09844,146,7,0
932,1675291980,1.09844,1.09865,1.09842,1.09857,106,7,0
933,1675292040,1.09857,1.09857,1.0984099999999999,1.09855,111,8,0
934,1675292100,1.09855,1.0988,1.09849,1.09868,127,7,0
935,1675292160,1.09868,1.09874,1.09847,1.09853,87,6,0
936,1675292220,1.09853,1.09885,1.09849,1.09884,89,6,0
937,1675292280,1.09884,1.09894,1.09878,1.09882,87,8,0
938,1675292340,1.09882,1.09884,1.09863,1.09875,85,8,0
939,1675292400,1.09875,1.09886,1.09862,1.09869,115,3,0
940,1675292460,1.09869,1.09874,1.09856,1.09859,76,9,0
941,1675292520,1.09859,1.09878,1.09851,1.0985800000000001,45,0,0
942,1675292580,1.09857,1.09859,1.09846,1.09846,61,10,0
943,1675292640,1.09846,1.09856,1.0984099999999999,1.09842,59,10,0
944,1675292700,1.09842,1.09867,1.09834,1.09866,122,2,0
945,1675292760,1.09866,1.09872,1.09861,1.09868,57,6,0
946,1675292820,1.09868,1.09881,1.09868,1.09874,33,8,0
947,1675292880,1.09875,1.09881,1.09868,1.09878,34,9,0
948,1675292940,1.09878,1.09878,1.09871,1.09871,28,9,0
949,1675293000,1.0987,1.09876,1.09869,1.09875,39,7,0
950,1675293060,1.09874,1.09885,1.09865,1.09871,43,7,0
951,1675293120,1.09871,1.09871,1.0985,1.09852,40,5,0
952,1675293180,1.09854,1.09854,1.09844,1.09847,37,9,0
953,1675293240,1.09847,1.09852,1.09843,1.09846,36,9,0
954,1675293300,1.09846,1.09848,1.09843,1.09847,26,9,0
955,1675293360,1.09847,1.09847,1.09836,1.09845,28,7,0
956,1675293420,1.09845,1.09855,1.09845,1.09855,28,11,0
957,1675293480,1.09855,1.09857,1.09848,1.09856,39,8,0
958,1675293540,1.09856,1.09862,1.09852,1.0986,25,9,0
959,1675293600,1.0986,1.0986,1.09853,1.09855,16,10,0
960,1675293660,1.09854,1.09854,1.09849,1.0985,7,8,0
961,1675293720,1.0985,1.09851,1.09846,1.09847,18,10,0
962,1675293780,1.09847,1.09848,1.09835,1.09835,22,10,0
963,1675293840,1.09835,1.09837,1.09829,1.09837,13,7,0
964,1675293900,1.09838,1.09842,1.09832,1.09832,20,6,0
965,1675293960,1.09832,1.0984099999999999,1.0983,1.09831,20,6,0
966,1675294020,1.09831,1.09833,1.09829,1.09833,8,7,0
967,1675294080,1.0984,1.09852,1.09839,1.09845,28,3,0
968,1675294140,1.09845,1.09845,1.0983,1.09835,37,7,0
969,1675294200,1.09835,1.09844,1.09832,1.09843,31,6,0
970,1675294260,1.09844,1.09849,1.09844,1.09847,9,8,0
971,1675294320,1.09847,1.09854,1.09846,1.09854,24,7,0
972,1675294380,1.09854,1.09855,1.0985,1.09853,16,7,0
973,1675294440,1.09853,1.09868,1.09851,1.09865,22,7,0
974,1675294500,1.09865,1.09873,1.09865,1.0987,21,6,0
975,1675294560,1.0987,1.0987,1.09863,1.09866,18,7,0
976,1675294620,1.09865,1.09877,1.09865,1.09873,28,8,0
977,1675294680,1.09873,1.09873,1.09861,1.09871,31,7,0
978,1675294740,1.0987,1.09873,1.09861,1.09861,14,7,0
979,1675294800,1.09861,1.09883,1.09861,1.09883,25,6,0
980,1675294860,1.09883,1.09883,1.09868,1.09868,21,8,0
981,1675294920,1.09868,1.09879,1.09868,1.09879,19,8,0
982,1675294980,1.09879,1.09884,1.09877,1.09878,18,8,0
983,1675295040,1.09877,1.09885,1.09877,1.09878,19,9,0
984,1675295100,1.09878,1.09886,1.09876,1.09881,23,8,0
985,1675295160,1.09881,1.09883,1.09876,1.09883,25,9,0
986,1675295220,1.09883,1.09888,1.09881,1.09888,20,8,0
987,1675295280,1.09888,1.0989,1.09879,1.09881,19,7,0
988,1675295340,1.09881,1.09898,1.09881,1.09892,24,9,0
989,1675295400,1.09892,1.09901,1.09892,1.099,40,7,0
990,1675295460,1.09903,1.09903,1.09893,1.09899,17,6,0
991,1675295520,1.09899,1.0990199999999999,1.09888,1.0989,33,5,0
992,1675295580,1.0989,1.09895,1.09889,1.09894,31,8,0
993,1675295640,1.09894,1.09894,1.09879,1.0988,27,8,0
994,1675295700,1.0988,1.09896,1.09879,1.09891,42,5,0
995,1675295760,1.09891,1.09898,1.09889,1.09895,22,6,0
996,1675295820,1.09894,1.09898,1.09877,1.09887,29,6,0
997,1675295880,1.09886,1.0990199999999999,1.09884,1.09891,34,7,0
998,1675295940,1.0989,1.09893,1.09869,1.09869,29,10,0
999,1675296000,1.09853,1.09865,1.09848,1.09865,7,65,0
